업소명,coords,lats,longs
강남복지충전소,"[37.4763744810253, 127.105459882197]",[],[]
(주)진양가스,"[37.4904997775776, 127.035696328909]","[[37.49047807, 37.49042716, 37.49042208, 37.49041618, 37.49041956, 37.49037091, 37.49032922, 37.49032331, 37.49033008, 37.49028001, 37.49027214, 37.49027664, 37.49026483, 37.49026004, 37.49024823, 37.49024034, 37.49021249, 37.49020686, 37.49019391, 37.49018632, 37.49017366, 37.49011621, 37.4901221, 37.49013756, 37.49014601, 37.49015473, 37.49014234, 37.49015697, 37.49016091, 37.49017385, 37.49017188, 37.49021969, 37.4902318, 37.49024474, 37.49026501, 37.49037106, 37.49047807], [37.49034753, 37.49026133, 37.49032651, 37.49041271, 37.49038376, 37.49037199, 37.49036471, 37.49037648, 37.49034753], [37.49049485, 37.49039886, 37.49042364, 37.49044891, 37.49045651, 37.49051714, 37.49050895, 37.49051906, 37.49049485]]","[[127.03698805, 127.03682212, 127.03682283, 127.03679897, 127.03679633, 127.03663429, 127.03665212, 127.0366279, 127.03662473, 127.03645862, 127.03643158, 127.03642805, 127.03639307, 127.03639554, 127.03636532, 127.03637026, 127.03628632, 127.03628933, 127.03625204, 127.03625522, 127.03621881, 127.03624494, 127.03633417, 127.03638435, 127.03637941, 127.03641174, 127.03641739, 127.03647092, 127.03646951, 127.03651192, 127.03651316, 127.03666901, 127.03666265, 127.03670418, 127.03669448, 127.03704012, 127.03698805], [127.03581348, 127.03585508, 127.03606774, 127.03602613, 127.03593167, 127.03593736, 127.03591361, 127.03590793, 127.03581348], [127.03617146, 127.03621733, 127.03629902, 127.03628695, 127.03631199, 127.03628302, 127.03625607, 127.03625123, 127.03617146]]"
대치에너지주식회사,"[37.4993371909186, 127.078104086886]",[],[]
남서울가스(주),"[37.4977959496269, 127.075562803125]",[],[]
(주)수서에너지,"[37.4828535323026, 127.105060577053]",[],[]
암사충전소,"[37.5518398151733, 127.127773798209]","[[37.5512328, 37.55127497, 37.55103864, 37.55102081, 37.55104918, 37.55104129, 37.55099293, 37.5509833, 37.5512328], [37.55224779, 37.5524649, 37.55257896, 37.55266759, 37.55263711, 37.55265858, 37.55263548, 37.5526143, 37.55253015, 37.55261373, 37.55250818, 37.5524652, 37.55247196, 37.55242704, 37.5521981, 37.55224779], [37.55161968, 37.55183157, 37.55194542, 37.55203523, 37.55200791, 37.55202812, 37.55200727, 37.55198807, 37.55190249, 37.55198299, 37.55188104, 37.55183816, 37.55184572, 37.55179783, 37.5515706, 37.55161968], [37.55183104, 37.55173765, 37.55170606, 37.55180026, 37.55183104], [37.55172567, 37.55163911, 37.55160852, 37.55169731, 37.55172567], [37.55183668, 37.55180699, 37.55214247, 37.55217515, 37.55183668], [37.55163677, 37.55153996, 37.55150421, 37.55159616, 37.55161445, 37.55162121, 37.55163677], [37.55233012, 37.55231172, 37.55240259, 37.55242314, 37.55233012], [37.55228731, 37.55219359, 37.55216534, 37.55220125, 37.55219875, 37.55225656, 37.55228731], [37.55159062, 37.55146772, 37.55144215, 37.55141778, 37.55154068, 37.55154807, 37.55156797, 37.55159062], [37.55155307, 37.55158592, 37.55150596, 37.5514731, 37.55155307], [37.55177106, 37.55165323, 37.55163659, 37.55166005, 37.55165753, 37.5517269, 37.55172997, 37.55175301, 37.55177106], [37.55225185, 37.55215868, 37.55213187, 37.55222396, 37.55225185], [37.55254754, 37.55253925, 37.55245404, 37.55243089, 37.55252486, 37.55254754], [37.55203724, 37.55204131, 37.55207181, 37.55209327, 37.55200666, 37.55198178, 37.55203724], [37.55230876, 37.55222158, 37.55219961, 37.55228498, 37.55230876]]","[[127.12859109, 127.12841847, 127.12833635, 127.12841146, 127.12842701, 127.12846887, 127.12845193, 127.12849683, 127.12859109], [127.12707615, 127.12694354, 127.127209, 127.12714815, 127.12708348, 127.12705873, 127.12700686, 127.12701814, 127.12684667, 127.12646045, 127.12641376, 127.12657462, 127.12657859, 127.12679353, 127.12696098, 127.12707615], [127.12685723, 127.12671716, 127.12699381, 127.12692855, 127.12685687, 127.12684072, 127.12679135, 127.12680388, 127.12661893, 127.12623781, 127.12619338, 127.1263626, 127.12636567, 127.12658649, 127.12674115, 127.12685723], [127.12861531, 127.12857487, 127.12871729, 127.12875197, 127.12861531], [127.12857779, 127.12854788, 127.1286808, 127.12871354, 127.12857779], [127.12723536, 127.12736862, 127.12749401, 127.12735521, 127.12723536], [127.12854538, 127.12850391, 127.12864406, 127.12868146, 127.12860804, 127.12860918, 127.12854538], [127.12777499, 127.12787217, 127.12790401, 127.12781341, 127.12777499], [127.12732207, 127.12728848, 127.1274128, 127.12742567, 127.12743668, 127.1274574, 127.12732207], [127.12705639, 127.12701248, 127.12703037, 127.127138, 127.12718191, 127.12714929, 127.1271564, 127.12705639], [127.12736512, 127.12722428, 127.12719485, 127.12733568, 127.12736512], [127.12756402, 127.12752228, 127.12760028, 127.12760852, 127.12761957, 127.12764414, 127.1276323, 127.12764046, 127.12756402], [127.12748365, 127.12745252, 127.12757904, 127.12761088, 127.12748365], [127.12783563, 127.1278113, 127.12778234, 127.12789974, 127.12793188, 127.12783563], [127.12775872, 127.12774075, 127.12775165, 127.12765612, 127.12762485, 127.1277389, 127.12775872], [127.12774515, 127.12771017, 127.12781586, 127.12784565, 127.12774515]]"
복지상일충전소,"[37.5450321229421, 127.170025597418]",[],[]
(주)경기에너지,"[37.5365185282288, 127.129002234033]","[[37.53597066, 37.53595755, 37.53602781, 37.53604147, 37.53597066], [37.53615297, 37.53618326, 37.53608421, 37.53604941, 37.53615297], [37.5360305, 37.53602991, 37.53597271, 37.53597077, 37.53596005, 37.53595749, 37.53593361, 37.53593287, 37.53590121, 37.53590885, 37.5360305]]","[[127.12944038, 127.12957127, 127.12958146, 127.12945057, 127.12944038], [127.12891356, 127.12881337, 127.128765, 127.12886405, 127.12891356], [127.1300157, 127.1298056, 127.12979894, 127.12984091, 127.12984191, 127.12987121, 127.12987479, 127.12989708, 127.12991569, 127.13001538, 127.1300157]]"
복지둔촌충전소,"[37.5251370600419, 127.146533353423]",[],[]
(주)청학에너지,"[37.628043406, 127.04412554]","[[37.6274763, 37.62745657, 37.62742226, 37.62738909, 37.62762364, 37.62762867, 37.6278057, 37.62781387, 37.62764061, 37.62763146, 37.62750844, 37.62752368, 37.62756298, 37.62757729, 37.6274763], [37.62789273, 37.62783451, 37.62757922, 37.62747822, 37.62746964, 37.62762595, 37.62782068, 37.62792163, 37.62789273], [37.6272156, 37.627334, 37.62737591, 37.62739941, 37.62737868, 37.62751734, 37.62760458, 37.62759243, 37.62760126, 37.62755426, 37.62756444, 37.62754094, 37.62753184, 37.62744955, 37.62741854, 37.62737119, 37.62737966, 37.6273567, 37.62734679, 37.62729141, 37.62725491, 37.62726887, 37.6272156], [37.62781255, 37.62786865, 37.62783754, 37.62789041, 37.6278685, 37.62791577, 37.62802194, 37.62792191, 37.62796517, 37.62790899, 37.62781255]]","[[127.04325938, 127.0434673, 127.04346289, 127.04384701, 127.04388383, 127.04382656, 127.04384218, 127.04370704, 127.04368291, 127.04374878, 127.04373105, 127.0434748, 127.04347771, 127.0432716, 127.04325938], [127.04387208, 127.04391453, 127.04401667, 127.04400019, 127.04407755, 127.04410393, 127.04402667, 127.0439216, 127.04387208], [127.04492407, 127.04512885, 127.04509387, 127.04513059, 127.04515131, 127.04539064, 127.04531537, 127.04529371, 127.045285, 127.0452042, 127.04519548, 127.04516001, 127.04516646, 127.04502039, 127.04504496, 127.04496756, 127.04496099, 127.04491975, 127.0449262, 127.04482319, 127.0448525, 127.04487314, 127.04492407], [127.04311598, 127.04321378, 127.04323993, 127.04332935, 127.04334837, 127.04342826, 127.0433429, 127.04316158, 127.04312695, 127.04302904, 127.04311598]]"
서울와사공업(주),"[37.636226554, 127.02454178]","[[37.63578945, 37.63578309, 37.63568578, 37.63569341, 37.63578945], [37.63609025, 37.63603374, 37.63610454, 37.63615717, 37.63609025], [37.63638168, 37.63635967, 37.63636361, 37.63634583, 37.63634838, 37.63633377, 37.63632586, 37.63630324, 37.63635372, 37.63635836, 37.63636584, 37.63638981, 37.6363903, 37.6364138, 37.63641124, 37.63643347, 37.63642749, 37.63643313, 37.63638168]]","[[127.02529486, 127.02516468, 127.0251728, 127.02530309, 127.02529486], [127.02511096, 127.02518912, 127.02526256, 127.02518508, 127.02511096], [127.02507393, 127.02510097, 127.02510884, 127.02513134, 127.02513453, 127.02515302, 127.02514388, 127.02517236, 127.02523705, 127.02523124, 127.02524093, 127.02521109, 127.02521169, 127.02518355, 127.02518036, 127.02515144, 127.02514396, 127.02513822, 127.02507393]]"
국제가스공업(주),"[37.634360356, 127.021860827]","[[37.63470033, 37.63471358, 37.63472174, 37.63482878, 37.63482609, 37.6348424, 37.63483845, 37.63479322, 37.63477884, 37.63474974, 37.63474355, 37.63467525, 37.63470033], [37.63495563, 37.63493563, 37.63493671, 37.63487364, 37.63488665, 37.63488278, 37.63488448, 37.63489538, 37.63489673, 37.63497042, 37.63496183, 37.63496885, 37.63496769, 37.63496183, 37.63495563], [37.63381795, 37.63369121, 37.63362344, 37.63374433, 37.63376001, 37.6337655, 37.63381795], [37.63364853, 37.63370846, 37.63358272, 37.63351827, 37.63364853], [37.6339513, 37.63389403, 37.63382974, 37.633888, 37.6339513], [37.63446286, 37.63444484, 37.63421835, 37.63422318, 37.63424203, 37.63424277, 37.63421638, 37.63421968, 37.63422173, 37.63428493, 37.63428552, 37.6343304, 37.63433217, 37.6343205, 37.63432363, 37.63446286], [37.63497507, 37.6348208, 37.63484442, 37.63500319, 37.63499464, 37.63499956, 37.63499533, 37.63498591, 37.63497507]]","[[127.02177582, 127.02177593, 127.02192367, 127.02191702, 127.02185867, 127.02185777, 127.02176407, 127.02176836, 127.02158698, 127.02158833, 127.02142802, 127.02143242, 127.02177582], [127.02245577, 127.02245667, 127.02246947, 127.02247512, 127.02271485, 127.02271598, 127.02276787, 127.02277002, 127.02278906, 127.02278005, 127.0225822, 127.02258198, 127.0225532, 127.02255297, 127.02245577], [127.02103622, 127.02085514, 127.02092773, 127.02110621, 127.0210882, 127.02109534, 127.02103622], [127.02121053, 127.02114608, 127.0209607, 127.0210282, 127.02121053], [127.02102954, 127.02094779, 127.02101824, 127.02109967, 127.02102954], [127.0222814, 127.02204569, 127.0220674, 127.02213761, 127.02213555, 127.02214616, 127.02214904, 127.02219701, 127.02222692, 127.02222003, 127.02222861, 127.02222373, 127.02224946, 127.02225072, 127.0222961, 127.0222814], [127.02082569, 127.020844, 127.02115869, 127.02113985, 127.02102593, 127.02102534, 127.02096894, 127.02097006, 127.02082569]]"
(주)삼표에너지 김포충전소,"[37.5380944907991, 126.798090686825]",[],[]
강서가스충전소,"[37.5549368206352, 126.768987283185]",[],[]
대양가스충전소,"[37.5584437800742, 126.860708617203]",[],[]
오곡동충전소,"[37.5558048611293, 126.768229926742]",[],[]
공항로충전소,"[37.5535726198354, 126.858387511033]","[[37.55415586, 37.55421644, 37.55413742, 37.55407684, 37.55415586], [37.5542614, 37.55423295, 37.55421567, 37.55420384, 37.55417789, 37.55414765, 37.55416273, 37.55416768, 37.55422088, 37.55425932, 37.55424857, 37.55426018, 37.55424781, 37.5542614]]","[[126.85904755, 126.85899685, 126.85884806, 126.85889876, 126.85904755], [126.85885055, 126.85879311, 126.85880888, 126.85878841, 126.85878902, 126.85881262, 126.85884326, 126.85883941, 126.85894705, 126.85891698, 126.85889516, 126.85888609, 126.8588611, 126.85885055]]"
대흥에너지산업(주),"[37.5301629369371, 126.847319107047]","[[37.53101118, 37.53100298, 37.53093875, 37.5309369, 37.53087006, 37.53087164, 37.5308083, 37.53081379, 37.53101118], [37.5302955, 37.53040378, 37.53039158, 37.53028141, 37.53028745, 37.53029186, 37.53029378, 37.53028964, 37.5302955], [37.53091482, 37.53091024, 37.5308956, 37.53089358, 37.53088398, 37.53088181, 37.53067566, 37.53068785, 37.53075322, 37.53075103, 37.53086775, 37.53086634, 37.53091482], [37.53021455, 37.53022194, 37.53022277, 37.53030138, 37.530286, 37.53020704, 37.53021636, 37.53020918, 37.53021455]]","[[126.84661275, 126.8464788, 126.84648595, 126.84645224, 126.84645803, 126.84649537, 126.84649957, 126.84663181, 126.84661275], [126.84827446, 126.84826, 126.84809631, 126.84811101, 126.84818284, 126.84818227, 126.84820523, 126.84820569, 126.84827446], [126.8468115, 126.84674205, 126.84674357, 126.84671313, 126.84671413, 126.84668143, 126.84670293, 126.84688739, 126.84688056, 126.84685015, 126.84683797, 126.84681656, 126.8468115], [126.84669783, 126.8466964, 126.84671167, 126.84670276, 126.84648304, 126.84649194, 126.8466221, 126.8466229, 126.84669783]]"
한경에너지,"[37.5875313553216, 126.799091590521]",[],[]
활주로충전소,"[37.542884007, 126.817080254]",[],[]
복지개화충전소,"[37.5752378697374, 126.801564748736]",[],[]
복지마곡충전소,"[37.572549552, 126.82631509]",[],[]
대영가스 충전소,"[37.572254696, 126.830979503]",[],[]
방화동LPG충전소,"[37.5852014831261, 126.816701003148]",[],[]
신림충전소,"[37.473530055, 126.934083934]","[[37.47291549, 37.47290627, 37.47290968, 37.47284089, 37.47283738, 37.47282931, 37.47281988, 37.47282811, 37.47282139, 37.472812, 37.47280321, 37.47281213, 37.47280861, 37.47287706, 37.47288083, 37.4728875, 37.47289852, 37.4728903, 37.47289665, 37.4729057, 37.47291549], [37.47350491, 37.47351303, 37.47347454, 37.47345828, 37.47345931, 37.4734223, 37.47340841, 37.47350491]]","[[126.93462514, 126.93462341, 126.93458693, 126.93457498, 126.9346138, 126.93461227, 126.93470695, 126.93470791, 126.93477631, 126.93477481, 126.93486986, 126.93487127, 126.93490819, 126.93491846, 126.93488088, 126.93488195, 126.93478759, 126.9347863, 126.93472011, 126.93472159, 126.93462514], [126.9346069, 126.93454888, 126.93450045, 126.93449777, 126.93448974, 126.93448435, 126.9345887, 126.9346069]]"
명화가스(주),"[37.473782949, 126.953507589]","[[37.47420933, 37.47425968, 37.47424069, 37.47419179, 37.47420933], [37.47449354, 37.47447959, 37.47444607, 37.47444403, 37.47440366, 37.47440221, 37.47434308, 37.47434446, 37.47429715, 37.47429814, 37.47426906, 37.47427973, 37.47449354], [37.47444228, 37.4744244, 37.47436065, 37.47435798, 37.47432868, 37.47429766, 37.47430119, 37.47429285, 37.47428909, 37.47423184, 37.4742522, 37.47444228]]","[[126.95338981, 126.95338173, 126.95323594, 126.95324607, 126.95338981], [126.95352023, 126.95339766, 126.95339944, 126.95338717, 126.95339429, 126.95338492, 126.95339656, 126.95340393, 126.9534127, 126.95342824, 126.95343359, 126.95355969, 126.95352023], [126.95272213, 126.95256621, 126.95258, 126.95256639, 126.95256585, 126.95257851, 126.9526054, 126.95260644, 126.95258926, 126.95260449, 126.95276018, 126.95272213]]"
해양가스,"[37.5346542332874, 127.083684470196]","[[37.53533488, 37.53553165, 37.53553203, 37.53543326, 37.53527758, 37.53527993, 37.53526765, 37.53523699, 37.53508128, 37.53506216, 37.53502706, 37.53504636, 37.53489448, 37.53493195, 37.5352309, 37.53525969, 37.53527291, 37.53533488], [37.53439727, 37.53440345, 37.53440964, 37.53443378, 37.53450814, 37.53447726, 37.53439727], [37.53414767, 37.53417181, 37.53434136, 37.53431805, 37.53414767], [37.53392319, 37.53397147, 37.53404779, 37.5339981, 37.53392319], [37.53424043, 37.53416285, 37.53418834, 37.53426581, 37.53424043], [37.53444156, 37.53429822, 37.53432341, 37.53438386, 37.53438257, 37.53440476, 37.53440606, 37.53446676, 37.53444156], [37.53435779, 37.53440629, 37.53441841, 37.53454203, 37.53453801, 37.53453732, 37.53454407, 37.53449479, 37.534357, 37.53435779], [37.53412898, 37.53414897, 37.53429564, 37.53427738, 37.53412859, 37.53412898]]","[[127.08379004, 127.08371378, 127.08371406, 127.08330553, 127.08336506, 127.08337632, 127.08337987, 127.08325622, 127.0833163, 127.08323806, 127.08325245, 127.0833305, 127.08339009, 127.08354484, 127.0834273, 127.0835454, 127.08353949, 127.08379004], [127.08374284, 127.0837752, 127.08377273, 127.08386875, 127.08384002, 127.08371394, 127.08374284], [127.08314574, 127.08324795, 127.08318574, 127.08308477, 127.08314574], [127.08324537, 127.08346092, 127.08343219, 127.08321753, 127.08324537], [127.08376075, 127.08378549, 127.08391154, 127.08388617, 127.08376075], [127.08336889, 127.08342249, 127.08352875, 127.08350616, 127.08350074, 127.08349126, 127.08349668, 127.08347516, 127.08336889], [127.08283348, 127.08289649, 127.08289426, 127.08274246, 127.0827373, 127.08273559, 127.08272728, 127.08266399, 127.0828332, 127.08283348], [127.08370478, 127.08378359, 127.08372495, 127.08364766, 127.08370237, 127.08370478]]"
중곡동충전소,"[37.5600856712017, 127.073725000557]","[[37.55980031, 37.55987687, 37.55991833, 37.55983811, 37.55983699, 37.5598336, 37.55983021, 37.55983951, 37.55983556, 37.55982852, 37.5598209, 37.55982231, 37.55980031]]","[[127.07458742, 127.07462995, 127.07451964, 127.07447569, 127.07447941, 127.07447799, 127.0744893, 127.07449373, 127.07450434, 127.07450786, 127.07452961, 127.07453828, 127.07458742]]"
한양에너지(주),"[37.564964693202, 127.076620365821]","[[37.56457722, 37.56461156, 37.56460733, 37.56465715, 37.56466053, 37.56468868, 37.56469037, 37.56469854, 37.56472562, 37.56460459, 37.56457722], [37.56422204, 37.56429521, 37.56430508, 37.56430902, 37.56433582, 37.56425927, 37.56422204], [37.56536325, 37.56537178, 37.56540899, 37.56540849, 37.56533224, 37.56526, 37.56533771, 37.56536604, 37.56535884, 37.56536325], [37.56552408, 37.56552648, 37.56544031, 37.56541107, 37.56542177, 37.56541607, 37.56540538, 37.56536695, 37.56544632, 37.56549855, 37.56550183, 37.56552408], [37.56528041, 37.56528091, 37.56523215, 37.56522638, 37.56521917, 37.56515567, 37.56516303, 37.56515887, 37.56520818, 37.56520982, 37.56523598, 37.56526396, 37.56525368, 37.56525976, 37.56526781, 37.56527814, 37.56528028, 37.56530734, 37.56528041], [37.56447295, 37.56442611, 37.56445839, 37.5644574, 37.56452206, 37.56452305, 37.56455534, 37.56460149, 37.56457606, 37.56457741, 37.56449998, 37.56449774, 37.56447295], [37.56488913, 37.56496915, 37.56489001, 37.5648097, 37.56488913]]","[[127.07731611, 127.0773333, 127.07734514, 127.07737296, 127.07736323, 127.07737812, 127.07737246, 127.07737689, 127.07729698, 127.07723053, 127.07731611], [127.07752318, 127.07756571, 127.07753796, 127.07754026, 127.07746778, 127.0774233, 127.07752318], [127.07747506, 127.07747883, 127.07736892, 127.07736864, 127.07732601, 127.07753154, 127.077575, 127.07749482, 127.0774908, 127.07747506], [127.07742311, 127.07742391, 127.07737979, 127.07746193, 127.07746794, 127.07748395, 127.07747794, 127.07758593, 127.0776305, 127.07748378, 127.07748562, 127.07742311], [127.07729022, 127.07728678, 127.0772574, 127.07727151, 127.07726745, 127.07744504, 127.07745069, 127.07746236, 127.07749018, 127.07748739, 127.07750214, 127.07742673, 127.07742094, 127.07740451, 127.07740905, 127.07738014, 127.0773811, 127.07730541, 127.07729022], [127.07680389, 127.07689266, 127.07691955, 127.07692144, 127.07697529, 127.07697341, 127.07700031, 127.07691096, 127.07688977, 127.07688722, 127.07682028, 127.07682454, 127.07680389], [127.07764534, 127.07742273, 127.07737765, 127.07760009, 127.07764534]]"
오승프라임산업(주),"[37.5069202213674, 126.829135125174]",[],[]
대성산업(주)오류동충전소,"[37.492740694809, 126.837953228246]","[[37.49233766, 37.49234102, 37.49233801, 37.49233681, 37.4922225, 37.49222148, 37.4922158, 37.49221681, 37.49223887, 37.49223954, 37.49221397, 37.49221417, 37.49221767, 37.49221737, 37.4922124, 37.49221262, 37.49223441, 37.49223509, 37.49221379, 37.49221363, 37.49221558, 37.49221644, 37.49233069, 37.49233205, 37.49233458, 37.49233672, 37.49233413, 37.49233332, 37.49233766], [37.49339731, 37.49341699, 37.49348908, 37.49348357, 37.4933911, 37.49339731]]","[[126.8385666, 126.83833937, 126.83833918, 126.83828115, 126.83828058, 126.83833111, 126.83833117, 126.83843886, 126.8384412, 126.83846739, 126.83846724, 126.83856756, 126.8385689, 126.8386678, 126.83866759, 126.83877678, 126.83877725, 126.83880073, 126.83880325, 126.83890513, 126.83890813, 126.83896149, 126.83896048, 126.83891267, 126.83891145, 126.83867279, 126.83867155, 126.83856745, 126.8385666], [126.83714899, 126.83714998, 126.83708867, 126.83679301, 126.83679651, 126.83714899]]"
동일석유(주)남부충전소,"[37.48437303, 126.901962308]",[],[]
한일가스산업(주),"[37.5018769163267, 126.877745152543]",[],[]
개봉충전소,"[37.4964660333256, 126.860599229921]","[[37.49613899, 37.49606013, 37.49609569, 37.49598771, 37.49598064, 37.49595905, 37.49596447, 37.49585224, 37.49581303, 37.49603847, 37.49592419, 37.49602844, 37.49613899], [37.49668651, 37.49671874, 37.49635979, 37.49640989, 37.49630672, 37.49625055, 37.49626231, 37.49625013, 37.49623477, 37.4961998, 37.49630003, 37.49632362, 37.49668651], [37.49600551, 37.49603251, 37.49573276, 37.49570613, 37.49600551], [37.49623739, 37.49626544, 37.49608745, 37.49605774, 37.49623739]]","[[126.8600521, 126.86001783, 126.85987582, 126.85983279, 126.85985297, 126.8598434, 126.85982341, 126.85977498, 126.85991654, 126.86001077, 126.86045525, 126.86049424, 126.8600521], [126.86000661, 126.85988729, 126.85973732, 126.85954056, 126.85950076, 126.85971616, 126.85972189, 126.85977501, 126.85976884, 126.85991877, 126.85995803, 126.85986537, 126.86000661], [126.86147908, 126.86136221, 126.86125475, 126.86137621, 126.86147908], [126.8615679, 126.86143715, 126.86137746, 126.86150316, 126.8615679]]"
(주)중앙에너비스 삼중가스지점,"[37.460993755, 126.898491137]","[[37.46089629, 37.46089657, 37.46091432, 37.46091236, 37.46091743, 37.46091492, 37.46091718, 37.46092197, 37.46101324, 37.46106794, 37.46101189, 37.46095224, 37.46094465, 37.46092804, 37.46090806, 37.46090469, 37.46090159, 37.46090076, 37.46090048, 37.46090105, 37.46089629], [37.46074139, 37.46078739, 37.46077726, 37.46078318, 37.46076321, 37.46080186, 37.46111845, 37.46109898, 37.46112233, 37.46107328, 37.46105162, 37.46103471, 37.46104512, 37.4610206, 37.46102904, 37.46100198, 37.46090799, 37.46090574, 37.46084298, 37.46084354, 37.46074139], [37.46118245, 37.46122706, 37.46125775, 37.46132389, 37.46127449, 37.46118245], [37.46047977, 37.46053395, 37.46063583, 37.46058615, 37.46047977], [37.46144463, 37.46135591, 37.46140396, 37.46141563, 37.46145132, 37.46152837, 37.46144463]]","[[126.89930862, 126.89931586, 126.89933015, 126.89934533, 126.8993515, 126.89936846, 126.89937624, 126.89939265, 126.89943332, 126.89920242, 126.89918466, 126.89922377, 126.89923879, 126.89923917, 126.89925208, 126.89926269, 126.89926622, 126.89927488, 126.89928053, 126.89928672, 126.89930862], [126.89894925, 126.89906856, 126.89907617, 126.89909206, 126.89910357, 126.89919482, 126.89898953, 126.89894347, 126.89890918, 126.89884954, 126.89887678, 126.89885543, 126.89884411, 126.89881835, 126.8988065, 126.89877916, 126.89884111, 126.89883846, 126.89888041, 126.89888411, 126.89894925], [126.89876445, 126.89890496, 126.89890582, 126.89887128, 126.89871999, 126.89876445], [126.89921875, 126.89936703, 126.89930826, 126.89916438, 126.89921875], [126.89925395, 126.89938484, 126.89943609, 126.89941887, 126.89945695, 126.89934328, 126.89925395]]"
신성에너지주식회사,"[37.6291630142527, 127.070827556521]","[[37.62835713, 37.628464, 37.62847784, 37.62852803, 37.62855004, 37.62865539, 37.62859825, 37.62857214, 37.62832937, 37.62835713], [37.62954739, 37.62955379, 37.62954957, 37.62954317, 37.62948966, 37.62947633, 37.62945681, 37.62947015, 37.62941773, 37.62942449, 37.62942045, 37.62941315, 37.62938743, 37.62937545, 37.62936798, 37.62929616, 37.6293858, 37.62936607, 37.62938531, 37.62940567, 37.62949712, 37.62953398, 37.62954179, 37.62958686, 37.62954739], [37.62978715, 37.6297627, 37.62974197, 37.62973783, 37.6294152, 37.62941834, 37.62940122, 37.62942577, 37.62954689, 37.62955219, 37.62960438, 37.62960078, 37.62978715], [37.62990126, 37.62988305, 37.62990283, 37.62991987, 37.62997461, 37.63004293, 37.63003763, 37.63004952, 37.62992293, 37.62991104, 37.62990339, 37.62983283, 37.62990126]]","[[127.07071733, 127.07068175, 127.07074996, 127.07073641, 127.07083704, 127.0708027, 127.07052646, 127.07050627, 127.07058363, 127.07071733], [127.0706156, 127.07061141, 127.07059181, 127.07059554, 127.07041514, 127.07042057, 127.07035462, 127.07034795, 127.07015985, 127.07015577, 127.07013776, 127.07014126, 127.0700548, 127.07005842, 127.07003631, 127.07006695, 127.07037914, 127.07038818, 127.07045843, 127.07044894, 127.07076259, 127.07074473, 127.07077124, 127.07075225, 127.0706156], [127.06983506, 127.06974667, 127.06975685, 127.0697445, 127.06988886, 127.06990143, 127.06991128, 127.06999763, 127.06994336, 127.06996172, 127.06993696, 127.06992098, 127.06983506], [127.07023179, 127.07024106, 127.07030871, 127.07030227, 127.07049456, 127.07046415, 127.07043979, 127.07043448, 127.06998664, 127.06999264, 127.06997099, 127.07000004, 127.07023179]]"
(주)노일가스,"[37.6713898117658, 127.055575825723]",[],[]
(주)평안에너지상계충전소,"[37.649219191, 127.067179313]",[],[]
복지공릉충전소,"[37.6389995094706, 127.109726783097]",[],[]
태능가스(주),"[37.6169773825324, 127.072525245416]","[[37.61832471, 37.61830487, 37.61814105, 37.61814106, 37.61813529, 37.61813153, 37.61795582, 37.61795295, 37.61775083, 37.61774741, 37.61756296, 37.61758252, 37.61797233, 37.61797628, 37.61813073, 37.61813466, 37.61832471], [37.61749728, 37.61739474, 37.61740048, 37.61727406, 37.61726975, 37.61723181, 37.61724679, 37.61753199, 37.61752022, 37.61750238, 37.61749728], [37.61756352, 37.61752368, 37.61743105, 37.61746043, 37.61756352], [37.61730489, 37.61741636, 37.61737374, 37.6172657, 37.61730489], [37.61764857, 37.61755919, 37.61759767, 37.61768976, 37.61764857], [37.61721792, 37.61738625, 37.61738894, 37.6174212, 37.61741824, 37.61750609, 37.6174868, 37.61741525, 37.61741696, 37.61716077, 37.61715817, 37.61708274, 37.61709788, 37.61718692, 37.61718834, 37.61721971, 37.61721792], [37.61698272, 37.61698933, 37.61699642, 37.6170022, 37.61700929, 37.61701507, 37.61702216, 37.61702825, 37.61703535, 37.61704109, 37.61711112, 37.61709925, 37.61711255, 37.61710597, 37.61717512, 37.61715684, 37.6170008, 37.61700754, 37.61698272]]","[[127.07237616, 127.07225177, 127.07228753, 127.0722728, 127.07227302, 127.07224549, 127.07227771, 127.0722494, 127.07229337, 127.07227117, 127.07230724, 127.07244635, 127.07238376, 127.07240358, 127.07237349, 127.0724205, 127.07237616], [127.07304568, 127.0730603, 127.0730978, 127.07312226, 127.07309246, 127.07310036, 127.07321749, 127.07315366, 127.07309022, 127.07309247, 127.07304568], [127.07346099, 127.07318196, 127.07320622, 127.07348138, 127.07346099], [127.07351611, 127.07349232, 127.07321512, 127.07324072, 127.07351611], [127.07315479, 127.0731734, 127.07345162, 127.07342996, 127.07315479], [127.07254998, 127.07250155, 127.07252047, 127.07251552, 127.07250158, 127.07248298, 127.07235757, 127.07237234, 127.07237959, 127.07243858, 127.07242804, 127.07244926, 127.07257919, 127.07256105, 127.07257305, 127.07256811, 127.07254998], [127.07301604, 127.07306201, 127.0730604, 127.07310052, 127.07309891, 127.07313903, 127.07313742, 127.07317977, 127.07317816, 127.073218, 127.07320207, 127.0731196, 127.07311657, 127.07307088, 127.07305514, 127.07292809, 127.07296358, 127.07301039, 127.07301604]]"
복지노원충전소,"[37.6872079261507, 127.05584077201]",[],[]
동원가스충전소,"[37.644224122, 127.032635317]","[[37.64466188, 37.64452136, 37.64448366, 37.64462609, 37.64466188], [37.64346419, 37.64362871, 37.64369329, 37.64363558, 37.64364821, 37.64362409, 37.64361347, 37.64353021, 37.64346419], [37.64383144, 37.6439144, 37.64396145, 37.64399027, 37.64401651, 37.64400371, 37.64402085, 37.64400986, 37.64405682, 37.64396206, 37.64383144]]","[[127.03171815, 127.03162892, 127.03172601, 127.03181977, 127.03171815], [127.0332724, 127.03343303, 127.03332939, 127.03326984, 127.03323626, 127.03321352, 127.03323014, 127.03316877, 127.0332724], [127.0333645, 127.03343693, 127.03336557, 127.03339436, 127.03335676, 127.03334078, 127.03331563, 127.03330565, 127.03324279, 127.03314462, 127.0333645]]"
케이와이에너지 (주)한영충전소,"[37.660656655, 127.041304272]","[[37.66131253, 37.66122983, 37.66122797, 37.66131131, 37.66131253], [37.66130642, 37.66121704, 37.6612159, 37.66130483, 37.66130642], [37.6614572, 37.66145246, 37.66132919, 37.66132817, 37.6614572], [37.66127157, 37.66117958, 37.66118037, 37.66119542, 37.66119476, 37.66126927, 37.66127157], [37.66070928, 37.6607317, 37.660826, 37.66080486, 37.66070928], [37.66059157, 37.66060095, 37.66058981, 37.66059919, 37.66058804, 37.66059345, 37.66057859, 37.66059987, 37.66061474, 37.66062015, 37.66063129, 37.66064067, 37.66065181, 37.66066119, 37.66064056, 37.66063388, 37.66060663, 37.66060717, 37.66058984, 37.66056748, 37.66056087, 37.66055294, 37.66054963, 37.66053989, 37.6605498, 37.66052743, 37.66054477, 37.66054856, 37.6605758, 37.66057093, 37.66059157], [37.66077206, 37.66078588, 37.66077677, 37.66078847, 37.66077109, 37.6607663, 37.66074559, 37.66075038, 37.66067749, 37.66066898, 37.66065904, 37.66064627, 37.66070673, 37.66070248, 37.66072485, 37.66072963, 37.66075448, 37.66074969, 37.66077206]]","[[127.04042226, 127.04042175, 127.04059029, 127.04059033, 127.04042226], [127.04067249, 127.04067097, 127.0408472, 127.04084702, 127.04067249], [127.04104725, 127.04096112, 127.04096241, 127.04104866, 127.04104725], [127.04111289, 127.04111012, 127.04118344, 127.04118368, 127.04126097, 127.04126271, 127.04111289], [127.04035069, 127.0404665, 127.04043712, 127.04032068, 127.04035069], [127.04116745, 127.04114044, 127.04113432, 127.04110732, 127.04110119, 127.04108562, 127.04107745, 127.04101617, 127.04102434, 127.04100876, 127.04101489, 127.04098789, 127.04099401, 127.04096701, 127.04095567, 127.04097488, 127.04095991, 127.04095836, 127.04094883, 127.04101321, 127.04100958, 127.04103242, 127.04103061, 127.04105865, 127.0410641, 127.04112849, 127.04113801, 127.04112711, 127.04114208, 127.0411561, 127.04116745], [127.04126626, 127.04122563, 127.04122073, 127.04118635, 127.04117698, 127.04119104, 127.04117989, 127.04116583, 127.04112657, 127.04115157, 127.04114622, 127.04118373, 127.0412163, 127.04122879, 127.04124084, 127.04122677, 127.04124016, 127.04125422, 127.04126626]]"
(주)평안에너지 도봉충전소,"[37.6922489127105, 127.04442236661]",[],[]
복지장안충전소,"[37.575959913639, 127.06731092017]","[[37.5763947, 37.57639932, 37.57638545, 37.57638967, 37.57625867, 37.57624677, 37.5763947], [37.57582708, 37.57584662, 37.57574005, 37.57574151, 37.57563268, 37.57563694, 37.5755482, 37.57554583, 37.57550916, 37.57549539, 37.57566251, 37.57565708, 37.57582708], [37.57617547, 37.57614464, 37.57609281, 37.5760902, 37.5760373, 37.57604099, 37.57600881, 37.57604119, 37.57617547], [37.57622575, 37.57620875, 37.57621452, 37.57619861, 37.57605306, 37.57608606, 37.57614239, 37.57614518, 37.57616933, 37.57617176, 37.57622575], [37.57549231, 37.57552364, 37.57542248, 37.57539017, 37.57549231], [37.57543347, 37.57545198, 37.57544621, 37.57544983, 37.57543812, 37.57544363, 37.57536176, 37.57532403, 37.57543347], [37.57534423, 37.57537781, 37.57527548, 37.57524398, 37.57534423], [37.57530989, 37.57534221, 37.57524592, 37.57521009, 37.57530989], [37.5756566, 37.57564366, 37.57564072, 37.57562416, 37.57562858, 37.57559761, 37.57559486, 37.57556573, 37.57555985, 37.57551417, 37.57550846, 37.57549898, 37.57547484, 37.57556277, 37.57558141, 37.57560554, 37.57561104, 37.57560759, 37.57560818, 37.57564266, 37.5756566]]","[[127.06663003, 127.06658181, 127.06658101, 127.06644708, 127.06643632, 127.06662174, 127.06663003], [127.0666199, 127.06648374, 127.06645454, 127.06642715, 127.06640045, 127.06636819, 127.06634491, 127.06637977, 127.06637385, 127.06651036, 127.06654866, 127.06657888, 127.0666199], [127.06681311, 127.06670395, 127.0667287, 127.06672077, 127.06674665, 127.06675933, 127.06677527, 127.06687672, 127.06681311], [127.06697901, 127.06691853, 127.06691424, 127.06685333, 127.0669219, 127.06702947, 127.06700066, 127.06701164, 127.06699717, 127.06700781, 127.06697901], [127.06796333, 127.06786193, 127.06780954, 127.06791502, 127.06796333], [127.06813738, 127.06807661, 127.06807242, 127.06805487, 127.06804852, 127.06802091, 127.06797329, 127.06808385, 127.06813738], [127.06789607, 127.06778901, 127.06773649, 127.06784458, 127.06789607], [127.06807524, 127.0679701, 127.06792292, 127.06803021, 127.06807524], [127.06674583, 127.06674214, 127.06675838, 127.06675365, 127.06672928, 127.0667301, 127.06674527, 127.06673693, 127.06676932, 127.06675626, 127.06678777, 127.06678507, 127.06691827, 127.06694342, 127.06684053, 127.06684743, 127.06681711, 127.06681612, 127.06681287, 127.06682273, 127.06674583]]"
수도에너지(주)동서울충전소,"[37.5895873776523, 127.059448773846]","[[37.59009668, 37.58991032, 37.58977695, 37.58996331, 37.59009668]]","[[127.06089897, 127.0602557, 127.06031334, 127.06094676, 127.06089897]]"
(주)홍릉가스충전소,"[37.5876472549905, 127.052993726287]",[],[]
장안동가스충전소,"[37.5628804258246, 127.058775108534]","[[37.56341849, 37.56315688, 37.56307806, 37.56311967, 37.56312697, 37.56333742, 37.56337557, 37.56339033, 37.56341991, 37.56340667, 37.56341849]]","[[127.0586354, 127.05836445, 127.05850157, 127.0585385, 127.05853296, 127.05875417, 127.05870735, 127.05871619, 127.05866777, 127.05865485, 127.0586354]]"
동일석유(주)동주충전소,"[37.499459066992, 126.928837077274]","[[37.49912749, 37.4991326, 37.49926296, 37.49926267, 37.4992683, 37.49926602, 37.49926207, 37.49926151, 37.49912749], [37.49925413, 37.49939885, 37.49940358, 37.49944807, 37.49945415, 37.49943866, 37.49944475, 37.49934959, 37.4993471, 37.49934288, 37.49934232, 37.4993457, 37.49934434, 37.49936855, 37.49936803, 37.49935649, 37.49935707, 37.49936495, 37.49936359, 37.49934078, 37.49934078, 37.49931741, 37.49931713, 37.49925744, 37.49925413], [37.4999887, 37.49998853, 37.50005813, 37.50005813, 37.50008156, 37.5000815, 37.4999887], [37.50009849, 37.50009834, 37.50008392, 37.50008387, 37.50009828, 37.50009813, 37.49998866, 37.49998887, 37.49999698, 37.49999713, 37.50009849], [37.50009893, 37.50009879, 37.50008437, 37.50008431, 37.50009873, 37.50009858, 37.49999722, 37.49999737, 37.49998926, 37.49998946, 37.50009893]]","[[126.92916738, 126.92923788, 126.9292222, 126.92921019, 126.92920859, 126.92915842, 126.92915895, 126.92915064, 126.92916738], [126.92951819, 126.92952424, 126.92942758, 126.92942895, 126.9292413, 126.92923884, 126.92906478, 126.92905955, 126.92913819, 126.92913819, 126.92916825, 126.92916825, 126.92924917, 126.92924986, 126.92931524, 126.92931507, 126.92934635, 126.92934634, 126.92941384, 126.92941262, 126.92940078, 126.92939974, 126.92940929, 126.92940528, 126.92951819], [126.92921618, 126.92932559, 126.92932525, 126.9293179, 126.92931788, 126.9292161, 126.92921618], [126.92896095, 126.92888575, 126.92888579, 126.92885921, 126.92885917, 126.92878397, 126.92878431, 126.92888666, 126.92888664, 126.92896127, 126.92896095], [126.92918374, 126.92910853, 126.92910857, 126.92908201, 126.92908196, 126.92900675, 126.92900707, 126.92908156, 126.92908174, 126.92918408, 126.92918374]]"
연일가스산업(주),"[37.573825306, 126.906180273]","[[37.57419887, 37.57431193, 37.57423418, 37.57412229, 37.57419887], [37.57410638, 37.57410794, 37.57412647, 37.57405674, 37.57399044, 37.57399169, 37.57390228, 37.57390011, 37.57383613, 37.57384054, 37.57382101, 37.57380058, 37.57379967, 37.57378937, 37.57378785, 37.57378312, 37.5737808, 37.57378393, 37.57378166, 37.57382963, 37.5738301, 37.57385165, 37.57386076, 37.57386988, 37.57385276, 37.57387325, 37.57386909, 37.57392368, 37.5739988, 37.57397036, 37.57397566, 37.57393731, 37.57394974, 37.57393289, 37.57391989, 37.57390723, 37.5738933, 37.57389448, 37.57390187, 37.5739052, 37.57392472, 37.57392285, 37.57393945, 37.57394216, 37.57397785, 37.57398143, 37.57400269, 37.57401956, 37.57405512, 37.57403925, 37.57406003, 37.57405534, 37.57409037, 37.57408785, 37.57410638], [37.5748172, 37.57478888, 37.57479264, 37.57475867, 37.5747766, 37.57474591, 37.5747283, 37.57469619, 37.57469253, 37.57463857, 37.57464174, 37.57460947, 37.57462583, 37.57459518, 37.57457887, 37.57454471, 37.57454047, 37.57451341, 37.57443891, 37.57449512, 37.57449946, 37.57453934, 37.5745358, 37.57464616, 37.57465169, 37.57468908, 37.57468515, 37.57474258, 37.5748172], [37.57449119, 37.57442559, 37.57436049, 37.57436432, 37.57434321, 37.57431424, 37.574314, 37.57430076, 37.57430008, 37.57428131, 37.57428087, 37.57426843, 37.57426731, 37.57426884, 37.57426129, 37.57425758, 37.57425617, 37.57426736, 37.57426706, 37.57428402, 37.57428433, 37.574298, 37.57429786, 37.57432825, 37.57434622, 37.57434162, 37.57439826, 37.57447345, 37.5744455, 37.57444886, 37.57441537, 37.57443298, 37.57440112, 37.57438196, 37.57437898, 37.57436527, 37.57437055, 37.57439086, 37.57440427, 37.57444107, 37.5744279, 37.57446342, 37.57445982, 37.57449119]]","[[126.90581823, 126.90569198, 126.90558351, 126.90570942, 126.90581823], [126.90694653, 126.90694872, 126.90692499, 126.90682645, 126.90689749, 126.90689954, 126.90699989, 126.90699729, 126.9070694, 126.90707685, 126.9070984, 126.9070966, 126.90711301, 126.90711188, 126.90716456, 126.90716451, 126.90722318, 126.90722357, 126.90729793, 126.9073021, 126.90729586, 126.90729691, 126.90728905, 126.9073049, 126.90732164, 126.90735138, 126.90735744, 126.90743651, 126.90735645, 126.90731739, 126.90731243, 126.90725711, 126.90724487, 126.90722118, 126.90723426, 126.90721669, 126.90721608, 126.90717289, 126.90716459, 126.90716778, 126.90714717, 126.90714519, 126.90712626, 126.90712989, 126.90709112, 126.90709724, 126.90707574, 126.90709913, 126.90706036, 126.90703699, 126.90701503, 126.90700865, 126.9069697, 126.90696662, 126.90694653], [126.90737201, 126.90733114, 126.9073274, 126.90728137, 126.90726117, 126.90721744, 126.90723777, 126.90719044, 126.90719389, 126.90711597, 126.90711218, 126.9070684, 126.90704822, 126.90700501, 126.90702234, 126.90697311, 126.90697788, 126.90693848, 126.90701977, 126.90710128, 126.90709634, 126.9071541, 126.90715807, 126.90731685, 126.90731044, 126.90736739, 126.90737237, 126.90745271, 126.90737201], [126.90655061, 126.90645854, 126.90652835, 126.90653478, 126.9065596, 126.906557, 126.90657099, 126.90656865, 126.90657601, 126.90657277, 126.90658781, 126.90658729, 126.90661986, 126.90662008, 126.90679531, 126.9067955, 126.90683673, 126.9068422, 126.90685143, 126.90685271, 126.90685847, 126.90685949, 126.90687285, 126.90687537, 126.90690278, 126.9069069, 126.9069875, 126.90690658, 126.90686496, 126.90686064, 126.90681554, 126.90679523, 126.90675227, 126.90677145, 126.90676736, 126.906766, 126.90667536, 126.90667778, 126.90669384, 126.90665283, 126.90663337, 126.90659157, 126.90658565, 126.90655061]]"
(주)에이치앤디이-서울만남의광장,"[37.4600883955452, 127.04208399514]",[],[]
서초충전소,"[37.4731812157774, 126.995358181084]",[],[]
수도석유(주)방배충전소,"[37.4791036332105, 126.982137128459]",[],[]
(주)영동가스,"[37.5188874157475, 127.011846751135]","[[37.51900927, 37.51845158, 37.51837273, 37.51892396, 37.51893268, 37.51894479, 37.51895098, 37.5189569, 37.51900393, 37.51899575, 37.51900927], [37.51819554, 37.51823551, 37.51832733, 37.51849769, 37.51842646, 37.51817331, 37.51816205, 37.51815219, 37.51812348, 37.51809136, 37.51798971, 37.51806488, 37.51808121, 37.51808459, 37.51810711, 37.5181043, 37.51812092, 37.51811304, 37.51813077, 37.51813978, 37.51815696, 37.51815978, 37.5181778, 37.51817498, 37.51819554], [37.51877514, 37.51876445, 37.51877318, 37.51875347, 37.5187577, 37.51856315, 37.51855893, 37.51851473, 37.51850657, 37.51849474, 37.51841646, 37.51869377, 37.51877514]]","[[127.01282805, 127.01211494, 127.01221108, 127.01291146, 127.01290067, 127.01291464, 127.01292189, 127.01291464, 127.01285596, 127.01284625, 127.01282805], [127.01297477, 127.01302604, 127.01291453, 127.01270706, 127.01261055, 127.01291432, 127.01292776, 127.01291432, 127.0128756, 127.01291449, 127.01303677, 127.0131317, 127.01311119, 127.01311385, 127.01308486, 127.01308222, 127.01306066, 127.0130504, 127.01302902, 127.01303945, 127.01301718, 127.01302089, 127.01299969, 127.01299403, 127.01297477], [127.01156319, 127.01155065, 127.01153809, 127.01151423, 127.01150504, 127.01128002, 127.01128709, 127.01123954, 127.01125139, 127.0112383, 127.0113431, 127.01166941, 127.01156319]]"
대성산업(주)동부충전소,"[37.5505097815363, 127.052311969358]",[],[]
서울숲충전소,"[37.5488226798397, 127.044896257318]","[[37.5488498, 37.54880607, 37.54883377, 37.54883304, 37.54886496, 37.54888775, 37.54888863, 37.54891166, 37.5488498], [37.54836488, 37.54831472, 37.54834546, 37.54834658, 37.54837484, 37.54842386, 37.54836488], [37.54914541, 37.54901254, 37.54898781, 37.54904919, 37.54907258, 37.54906441, 37.5491864, 37.5491504, 37.54914799, 37.54914541]]","[[127.04518755, 127.04523229, 127.04527801, 127.04527871, 127.04533135, 127.04530956, 127.04531163, 127.0452896, 127.04518755], [127.04570816, 127.04574955, 127.0458083, 127.04580736, 127.04586136, 127.0458209, 127.04570816], [127.04529979, 127.0454073, 127.04542382, 127.04553905, 127.04551567, 127.04549364, 127.04538223, 127.04529794, 127.04529987, 127.04529979]]"
우일에너지(주),"[37.6080540647388, 127.030281930468]",[],[]
(주)장위가스,"[37.613271084, 127.060639378]",[],[]
잠실복지충전소,"[37.5036287585363, 127.087048110333]","[[37.50416145, 37.50414128, 37.50413425, 37.50407606, 37.50407435, 37.50404022, 37.50401365, 37.50413273, 37.50416145], [37.5032145, 37.50316628, 37.50319275, 37.50319302, 37.50321355, 37.50321563, 37.50323716, 37.50328394, 37.5032145], [37.50411675, 37.50401361, 37.50398739, 37.50409053, 37.50411675], [37.50395259, 37.50406283, 37.50408885, 37.50398086, 37.50395259], [37.50373828, 37.50371901, 37.50372298, 37.50369318, 37.50368759, 37.50367228, 37.50367661, 37.50364618, 37.50364095, 37.5036061, 37.50360727, 37.50352605, 37.50352372, 37.50348841, 37.50349031, 37.50340926, 37.50340502, 37.50338297, 37.50334209, 37.50337018, 37.50337422, 37.50341132, 37.50341763, 37.50347778, 37.50347975, 37.50353927, 37.50355279, 37.50362023, 37.50362545, 37.50364283, 37.50365013, 37.50369497, 37.50373828], [37.50416714, 37.50419469, 37.50407715, 37.50404924, 37.50416714], [37.50411975, 37.50400518, 37.50397852, 37.50409409, 37.50411975], [37.5040042, 37.50405669, 37.50405245, 37.50409882, 37.50410161, 37.504166, 37.50418459, 37.50419532, 37.50421832, 37.50423534, 37.50430914, 37.50430329, 37.50436332, 37.50435632, 37.5043638, 37.50435796, 37.50434904, 37.5043406, 37.50430806, 37.50430348, 37.50427789, 37.50427977, 37.50424417, 37.50424938, 37.50423864, 37.50419767, 37.50421546, 37.50422654, 37.50422232, 37.50423223, 37.50422721, 37.50421676, 37.50420986, 37.50416147, 37.50416246, 37.50412893, 37.50413277, 37.5040439, 37.5040285, 37.50400441, 37.50402097, 37.5040042], [37.5031824, 37.50312704, 37.5030843, 37.50308778, 37.50307894, 37.50307545, 37.50305335, 37.5031087, 37.5031824], [37.50405416, 37.50406272, 37.50409231, 37.50397692, 37.50395295, 37.5039762, 37.50397408, 37.50399953, 37.50399726, 37.50399872, 37.50403104, 37.50402801, 37.50405416], [37.50399486, 37.50388451, 37.50385454, 37.5039649, 37.50399486], [37.5029769, 37.50305069, 37.50311024, 37.50303644, 37.5029769], [37.50389084, 37.50396728, 37.50396849, 37.50399635, 37.50400401, 37.50402057, 37.50402659, 37.5040304, 37.50404613, 37.50392145, 37.50389084], [37.5028482, 37.50294108, 37.50298118, 37.50292008, 37.50292275, 37.50289144, 37.5028482]]","[[127.08663159, 127.08662162, 127.08662523, 127.08659971, 127.08659089, 127.08657717, 127.08667327, 127.08673063, 127.08663159], [127.08760379, 127.08774566, 127.08776187, 127.08776786, 127.08777784, 127.08777422, 127.08778544, 127.08764628, 127.08760379], [127.08674298, 127.08669474, 127.08678306, 127.0868313, 127.08674298], [127.0863994, 127.08644974, 127.08635284, 127.08630341, 127.0863994], [127.0880422, 127.08802464, 127.0880174, 127.08798966, 127.08799848, 127.08798715, 127.08797652, 127.08794934, 127.08795748, 127.08793041, 127.08792691, 127.08785805, 127.08786099, 127.0878329, 127.08782725, 127.08776054, 127.087768, 127.08775135, 127.08783183, 127.08785866, 127.0878788, 127.0879035, 127.08790045, 127.08794836, 127.08796272, 127.08801335, 127.08801099, 127.08807078, 127.08808028, 127.08809399, 127.08808959, 127.08812832, 127.0880422], [127.08661791, 127.08651865, 127.08646717, 127.08656553, 127.08661791], [127.08623311, 127.08618684, 127.08629199, 127.08633815, 127.08623311], [127.08741086, 127.08745402, 127.08745956, 127.08749795, 127.08749275, 127.08754666, 127.08750608, 127.08751005, 127.08746291, 127.08747617, 127.08734585, 127.08733555, 127.08730927, 127.087269, 127.08726641, 127.08723734, 127.08723959, 127.08720237, 127.08721489, 127.08719848, 127.08720626, 127.08721712, 127.08723167, 127.08725146, 127.08727633, 127.087241, 127.08719589, 127.08719365, 127.08717306, 127.08717137, 127.08713404, 127.08713596, 127.08708788, 127.08709326, 127.08709925, 127.08710792, 127.08715916, 127.08732529, 127.08731522, 127.08736506, 127.08738126, 127.08741086], [127.08632414, 127.08627913, 127.08636193, 127.08636477, 127.08638191, 127.08637906, 127.0864219, 127.08646692, 127.08632414], [127.08694544, 127.08694151, 127.08683765, 127.08678587, 127.08687001, 127.08688044, 127.08688789, 127.08689932, 127.08690729, 127.08690856, 127.08692306, 127.08693371, 127.08694544], [127.08657758, 127.08652768, 127.0866321, 127.08668199, 127.08657758], [127.08630846, 127.08637115, 127.08626074, 127.08619804, 127.08630846], [127.08650069, 127.08653466, 127.0865304, 127.08654278, 127.08651559, 127.08652295, 127.08650163, 127.08650333, 127.08644757, 127.08639217, 127.08650069], [127.08799353, 127.08803525, 127.08789484, 127.08786734, 127.08785653, 127.08784244, 127.08799353]]"
오금가스충전소,"[37.5062307859546, 127.131664439014]","[[37.50726409, 37.50731336, 37.50725618, 37.50725167, 37.50723366, 37.50723664, 37.5072108, 37.50720673, 37.50719197, 37.50718258, 37.50714243, 37.50716393, 37.50717761, 37.50723616, 37.50713704, 37.50705284, 37.50702564, 37.50703351, 37.50701613, 37.50701776, 37.50699435, 37.50698975, 37.50697255, 37.50697644, 37.50691989, 37.50686271, 37.50726409], [37.50709515, 37.50714124, 37.50684735, 37.50680397, 37.50709515], [37.50639955, 37.5063069, 37.50628368, 37.50626919, 37.50624533, 37.50625667, 37.50623544, 37.50632719, 37.50634291, 37.50636622, 37.5063422, 37.50651768, 37.50653683, 37.50654647, 37.50658586, 37.50657785, 37.50659835, 37.50653722, 37.50653198, 37.50647769, 37.50648176, 37.50641945, 37.50639993, 37.50637643, 37.50639955], [37.50571128, 37.50576034, 37.50581882, 37.50579713, 37.50580886, 37.50576674, 37.50571413, 37.50571128], [37.50588747, 37.50593501, 37.50586865, 37.50588619, 37.50595624, 37.50600145, 37.50581532, 37.5057, 37.50588747], [37.5054916, 37.50565451, 37.50574269, 37.50565889, 37.50563163, 37.50558483, 37.50556822, 37.50552474, 37.5054916], [37.5059223, 37.50597748, 37.50604454, 37.50600441, 37.50598197, 37.5059223], [37.50569986, 37.50560557, 37.50554438, 37.50563857, 37.50569986], [37.50644575, 37.50678187, 37.50683077, 37.50677656, 37.50677115, 37.50675377, 37.50675811, 37.50660046, 37.50658002, 37.50657623, 37.50655921, 37.50656093, 37.50651951, 37.50651725, 37.50650321, 37.50644575], [37.50666708, 37.50657244, 37.50652247, 37.50661711, 37.50666708]]","[[127.13245481, 127.13231001, 127.13227858, 127.1322875, 127.13227684, 127.13227063, 127.13225384, 127.13226153, 127.13225132, 127.13227008, 127.1322414, 127.13218771, 127.13219848, 127.13205246, 127.13198352, 127.13218548, 127.13217062, 127.13214632, 127.13213746, 127.13212717, 127.13211232, 127.13212136, 127.13211104, 127.13210052, 127.13206808, 127.13220347, 127.13245481], [127.13132429, 127.13121048, 127.13102981, 127.13113819, 127.13132429], [127.1324008, 127.1323407, 127.13239947, 127.13238926, 127.13245674, 127.13246445, 127.1325178, 127.13257349, 127.13253246, 127.13255535, 127.13260518, 127.13271418, 127.13266818, 127.13267272, 127.13257586, 127.13256895, 127.13252263, 127.13248157, 127.13249162, 127.13245602, 127.13244652, 127.13240694, 127.13245837, 127.13244724, 127.1324008], [127.13077877, 127.13082139, 127.13073497, 127.13070994, 127.1306922, 127.13065073, 127.13072642, 127.13077877], [127.1328343, 127.13270727, 127.13266553, 127.13261207, 127.13265618, 127.13251862, 127.1324199, 127.13273015, 127.1328343], [127.13087203, 127.13102953, 127.13089589, 127.13081758, 127.1308621, 127.13081531, 127.13084615, 127.13080503, 127.13087203], [127.13077055, 127.13082075, 127.1307081, 127.1306663, 127.13066988, 127.13077055], [127.13254037, 127.13249145, 127.13266768, 127.13271546, 127.13254037], [127.13193458, 127.13213501, 127.13199824, 127.13196659, 127.13197654, 127.13196497, 127.1319522, 127.13185014, 127.13183777, 127.13184489, 127.13183751, 127.13182609, 127.13179989, 127.1318086, 127.13179885, 127.13193458], [127.13112746, 127.13103233, 127.13111065, 127.1312058, 127.13112746]]"
홍익에너지(주),"[37.5081188792382, 127.103633177987]",[],[]
MG새마을금고 송파충전소,"[37.4755252508197, 127.131224015304]",[],[]
복지신정충전소,"[37.5073084052772, 126.871194546213]","[[37.50743794, 37.50744946, 37.50745537, 37.50753256, 37.50745452, 37.50736892, 37.50743794]]","[[126.8707518, 126.8707175, 126.8707205, 126.87050476, 126.87046638, 126.87071199, 126.8707518]]"
수도에너지(주),"[37.5070385045915, 126.839080498525]",[],[]
(주)대흥가스,"[37.5310229694254, 126.832025425812]","[[37.53136218, 37.53143194, 37.53134267, 37.53127319, 37.53136218], [37.53147948, 37.53154699, 37.53145659, 37.53138908, 37.53147948], [37.53036352, 37.53031295, 37.53027497, 37.530273, 37.5302322, 37.53028758, 37.53033005, 37.53032751, 37.53036352], [37.53071943, 37.53073694, 37.5307977, 37.53081739, 37.53075863, 37.53067819, 37.53071943], [37.53174251, 37.53183731, 37.53178674, 37.53169335, 37.53174251], [37.53124143, 37.53136661, 37.53132734, 37.53120243, 37.53124143], [37.53061309, 37.53071829, 37.53066065, 37.53056529, 37.53058111, 37.53057802, 37.53060034, 37.53059613, 37.53061309], [37.53031908, 37.53045806, 37.53041907, 37.53027898, 37.53031908], [37.53131993, 37.53139869, 37.53135688, 37.53127614, 37.53131993], [37.53155957, 37.53152598, 37.53152224, 37.53148105, 37.53152005, 37.53153204, 37.531542, 37.53153, 37.53156899, 37.53161018, 37.53160644, 37.53164004, 37.53155957], [37.53118689, 37.53128703, 37.53125765, 37.53115751, 37.53118689], [37.53147853, 37.53147994, 37.53149739, 37.53152215, 37.53147496, 37.53127692, 37.53123979, 37.5312881, 37.53133283, 37.53133141, 37.53147853], [37.53147943, 37.53144157, 37.5314202, 37.53141397, 37.53134591, 37.53139027, 37.53142908, 37.53142852, 37.53147943], [37.53114621, 37.53124691, 37.53120481, 37.5311041, 37.53114621], [37.5315057, 37.53161202, 37.53156372, 37.53145737, 37.5315057], [37.53085655, 37.53083084, 37.5308345, 37.53082235, 37.53081925, 37.53079495, 37.53071929, 37.53078144, 37.53085655], [37.53056815, 37.53054507, 37.53055046, 37.53051291, 37.5305392, 37.53054624, 37.53055449, 37.53054745, 37.53057375, 37.53061129, 37.53061667, 37.53063974, 37.53056815]]","[[126.83269283, 126.83264601, 126.83243709, 126.83248373, 126.83269283], [126.83261567, 126.83256956, 126.83236116, 126.83240728, 126.83261567], [126.83153347, 126.83141392, 126.83143911, 126.83143452, 126.831462, 126.83159251, 126.83156396, 126.8315576, 126.83153347], [126.83293132, 126.83297212, 126.83293133, 126.8329182, 126.83278009, 126.83283402, 126.83293132], [126.83245191, 126.83238965, 126.83226833, 126.83233093, 126.83245191], [126.8329169, 126.83283301, 126.83274099, 126.83282454, 126.8329169], [126.83121242, 126.83114785, 126.83100231, 126.83106369, 126.83110431, 126.83110573, 126.8311642, 126.83116667, 126.83121242], [126.83296439, 126.83287285, 126.83277696, 126.83286866, 126.83296439], [126.83228546, 126.83223049, 126.8321275, 126.83218214, 126.83228546], [126.83261033, 126.83263221, 126.83262316, 126.83264999, 126.83274439, 126.83273658, 126.83276068, 126.8327685, 126.83286291, 126.83283608, 126.83282705, 126.83280517, 126.83261033], [126.8323828, 126.83231611, 126.83224652, 126.83231304, 126.8323828], [126.83293776, 126.83294341, 126.83293135, 126.83291415, 126.83280324, 126.83293132, 126.83295545, 126.83306901, 126.83304062, 126.83303532, 126.83293776], [126.8327776, 126.83268823, 126.83270172, 126.83268265, 126.83272894, 126.83283773, 126.83281377, 126.83281059, 126.8327776], [126.83228407, 126.83222109, 126.83211477, 126.83217775, 126.83228407], [126.83243707, 126.83236825, 126.8322462, 126.83231432, 126.83243707], [126.83253292, 126.83246934, 126.83246721, 126.83243737, 126.83243932, 126.83237873, 126.83242681, 126.83258082, 126.83253292], [126.83252966, 126.83254388, 126.83255762, 126.83258075, 126.83264803, 126.83264369, 126.83266481, 126.83266914, 126.83273641, 126.83271328, 126.83272703, 126.83271281, 126.83252966]]"
비케이서비스산업(주),"[37.5389760344059, 126.826643090247]","[[37.53826825, 37.53827135, 37.53828887, 37.53835328, 37.53828547, 37.53822331, 37.53824055, 37.53823577, 37.53826825], [37.5383864, 37.53839118, 37.53840814, 37.53847199, 37.53840446, 37.53833863, 37.53835615, 37.53835306, 37.5383864], [37.53850398, 37.53851016, 37.53852627, 37.53858928, 37.53852202, 37.53845761, 37.53847542, 37.53847064, 37.53850398], [37.53901213, 37.53901403, 37.53906639, 37.53906275, 37.53901095, 37.53901182, 37.53898873, 37.53898877, 37.53891387, 37.53891392, 37.53887056, 37.53887577, 37.5388921, 37.53889502, 37.53890431, 37.53890605, 37.53891336, 37.53891659, 37.53892362, 37.53892448, 37.5390185, 37.53901528, 37.53900402, 37.53900285, 37.53901213], [37.53862098, 37.53862633, 37.538643, 37.53870572, 37.53863848, 37.53857491, 37.53859271, 37.53858821, 37.53862098], [37.5387423, 37.53886634, 37.5388282, 37.53870416, 37.5387423]]","[[126.82600613, 126.826004, 126.82604569, 126.82600274, 126.82584326, 126.82588478, 126.82592611, 126.8259293, 126.82600613], [126.82592983, 126.82592664, 126.8259669, 126.82592434, 126.82576413, 126.82580796, 126.82584894, 126.82585089, 126.82592983], [126.82585231, 126.8258484, 126.82588727, 126.8258461, 126.82568342, 126.8257253, 126.82576804, 126.82577123, 126.82585231], [126.82753739, 126.82748294, 126.82748122, 126.82730462, 126.82730527, 126.82732082, 126.82732139, 126.82734527, 126.82734792, 126.8273785, 126.82738195, 126.82747387, 126.82747313, 126.82754667, 126.8275447, 126.8275783, 126.82757687, 126.82766084, 126.82766047, 126.82766612, 126.82765866, 126.82756938, 126.82756994, 126.82753829, 126.82753739], [126.82577107, 126.8257677, 126.82580673, 126.8257645, 126.82560678, 126.82564954, 126.82569104, 126.82569406, 126.82577107], [126.82593538, 126.82585022, 126.82576263, 126.82584778, 126.82593538]]"
(주)남양가스,"[37.5205982652282, 126.837225114199]","[[37.51993163, 37.51999964, 37.52002268, 37.51999956, 37.51996459, 37.51987354, 37.51993163], [37.52009141, 37.52010462, 37.52011449, 37.52012179, 37.52012799, 37.52013811, 37.52014178, 37.52015807, 37.52016315, 37.52018591, 37.52018448, 37.52014811, 37.52007138, 37.52009141], [37.51989749, 37.51990283, 37.51992144, 37.51996949, 37.51986262, 37.51981711, 37.51983374, 37.51982812, 37.51989749], [37.52013023, 37.52020059, 37.52011852, 37.52004677, 37.52013023], [37.51984196, 37.51993244, 37.51987548, 37.51978471, 37.51984196], [37.51999959, 37.52001792, 37.52010559, 37.52004834, 37.51999973, 37.51996067, 37.51999959], [37.52022452, 37.5202974, 37.52021448, 37.52014188, 37.52022452]]","[[126.8371659, 126.83707261, 126.83704109, 126.83701464, 126.83697423, 126.83709922, 126.8371659], [126.837261, 126.83724276, 126.83725352, 126.83724344, 126.83724783, 126.83723455, 126.83723862, 126.83721596, 126.8372216, 126.83718938, 126.83716906, 126.83713202, 126.83723824, 126.837261], [126.83731904, 126.83731126, 126.83733171, 126.83726179, 126.83714591, 126.83721688, 126.83723522, 126.83724372, 126.83731904], [126.83765364, 126.83762293, 126.83732457, 126.83735512, 126.83765364], [126.8370664, 126.83694001, 126.83687527, 126.83700166, 126.8370664], [126.83723928, 126.83725939, 126.83713371, 126.83707056, 126.8371403, 126.83719623, 126.83723928], [126.8376181, 126.83758648, 126.83728264, 126.83731621, 126.8376181]]"
목동충전소,"[37.5256128672784, 126.864088616097]","[[37.52589051, 37.52581269, 37.52580872, 37.52577606, 37.52577407, 37.52570847, 37.52570991, 37.52565248, 37.52568512, 37.52567077, 37.52569548, 37.52571069, 37.52573231, 37.52580859, 37.52581201, 37.52587112, 37.52586771, 37.52589051], [37.52531375, 37.52530007, 37.52505601, 37.52506855, 37.52513611, 37.5251441, 37.52513819, 37.52514217, 37.52514922, 37.52515293, 37.52515659, 37.52516059, 37.52528446, 37.52526279, 37.52531375], [37.52478988, 37.52494189, 37.52492996, 37.52477991, 37.52478988], [37.5248883, 37.52497668, 37.52496303, 37.52487492, 37.5248883], [37.52505747, 37.52520385, 37.52518765, 37.52503986, 37.52505747]]","[[126.86351792, 126.86292874, 126.86290117, 126.86290582, 126.86289027, 126.86290242, 126.86291779, 126.86292886, 126.86316619, 126.8631701, 126.86335955, 126.86335651, 126.86354171, 126.86352708, 126.86355802, 126.86354712, 126.86352238, 126.86351792], [126.86316439, 126.86302301, 126.86306906, 126.86319807, 126.86318663, 126.86327977, 126.86327943, 126.86331901, 126.86331794, 126.86336742, 126.86336707, 126.86341708, 126.86339476, 126.86317367, 126.86316439], [126.86351674, 126.86349084, 126.86339595, 126.86341937, 126.86351674], [126.86364101, 126.86362547, 126.86350848, 126.86352102, 126.86364101], [126.86360446, 126.86357432, 126.8634462, 126.86347829, 126.86360446]]"
(주)세지,"[37.5175173190102, 126.888518128076]","[[37.51718343, 37.51721254, 37.51710944, 37.51709232, 37.51702049, 37.51700131, 37.51685152, 37.51684077, 37.51677403, 37.51673636, 37.51672166, 37.51681674, 37.51681477, 37.51681946, 37.51681802, 37.51711308, 37.51715008, 37.51712422, 37.51718343], [37.51842632, 37.51847087, 37.51836524, 37.51837035, 37.51827509, 37.51826927, 37.51816869, 37.51816619, 37.51812901, 37.51816641, 37.51842632]]","[[126.88791644, 126.88773733, 126.88770536, 126.88780356, 126.88778388, 126.88789397, 126.88785291, 126.88791649, 126.88831114, 126.88830113, 126.88838802, 126.88841344, 126.88842464, 126.88842588, 126.88843391, 126.88850915, 126.8882857, 126.8882811, 126.88791644], [126.88892642, 126.8886715, 126.88864495, 126.88861282, 126.88858898, 126.88862541, 126.88860068, 126.88861708, 126.88885525, 126.88886413, 126.88892642]]"
기린에너지,"[37.5360139572956, 126.899247694056]","[[37.53583075, 37.53586915, 37.53587573, 37.53581135, 37.53577968, 37.53577231, 37.53579683, 37.53578982, 37.53583075]]","[[126.90007784, 126.90000021, 126.89998693, 126.89993484, 126.90000021, 126.90001547, 126.90003286, 126.90004633, 126.90007784]]"
양평동충전소,"[37.5280394242985, 126.891167327773]",[],[]
신흥에너지산업(주),"[37.5788182093213, 126.900249453204]","[[37.57887749, 37.57885928, 37.57881635, 37.57864536, 37.57864691, 37.57863366, 37.57863467, 37.57862035, 37.57862995, 37.57858414, 37.57845883, 37.57845974, 37.57844712, 37.57844768, 37.57843479, 37.5783241, 37.57865435, 37.57876332, 37.57866927, 37.57866709, 37.5786807, 37.57867761, 37.57869356, 37.57868199, 37.5787223, 37.57884959, 37.57884778, 37.57886489, 37.57886308, 37.57887749]]","[[126.89941558, 126.89919406, 126.89915087, 126.89916705, 126.89918245, 126.89918508, 126.89920409, 126.89920638, 126.89937267, 126.89943647, 126.89945271, 126.89946436, 126.89946732, 126.89948851, 126.89947764, 126.89963391, 126.89998588, 126.89982679, 126.89973194, 126.89971688, 126.89971664, 126.89969513, 126.89969353, 126.89954207, 126.89947704, 126.89945603, 126.89943939, 126.89943688, 126.89941764, 126.89941558]]"
(주)삼표에너지 수색충전소,"[37.5788006469716, 126.89995740713]","[[37.57950583, 37.57958043, 37.57958399, 37.57962271, 37.57999158, 37.57999478, 37.58004773, 37.5800227, 37.5799611, 37.57993195, 37.57989925, 37.57986237, 37.5798154, 37.5797667, 37.57960043, 37.5795643, 37.57941219, 37.57934974, 37.57934357, 37.57930557, 37.57933484, 37.57940591, 37.57925521, 37.57931428, 37.57926363, 37.57929763, 37.57929442, 37.57935977, 37.57950583], [37.57887749, 37.57885928, 37.57881635, 37.57864536, 37.57864691, 37.57863366, 37.57863467, 37.57862035, 37.57862995, 37.57858414, 37.57845883, 37.57845974, 37.57844712, 37.57844768, 37.57843479, 37.5783241, 37.57865435, 37.57876332, 37.57866927, 37.57866709, 37.5786807, 37.57867761, 37.57869356, 37.57868199, 37.5787223, 37.57884959, 37.57884778, 37.57886489, 37.57886308, 37.57887749]]","[[126.89929722, 126.89929984, 126.89923349, 126.8992108, 126.89859139, 126.89853737, 126.89850731, 126.89842503, 126.8982502, 126.89817858, 126.89819538, 126.89816215, 126.89823184, 126.89818662, 126.89844769, 126.89844241, 126.89842088, 126.89841542, 126.89846444, 126.89848261, 126.89858571, 126.89877116, 126.8990262, 126.89908658, 126.89918027, 126.89921294, 126.8992614, 126.8992758, 126.89929722], [126.89941558, 126.89919406, 126.89915087, 126.89916705, 126.89918245, 126.89918508, 126.89920409, 126.89920638, 126.89937267, 126.89943647, 126.89945271, 126.89946436, 126.89946732, 126.89948851, 126.89947764, 126.89963391, 126.89998588, 126.89982679, 126.89973194, 126.89971688, 126.89971664, 126.89969513, 126.89969353, 126.89954207, 126.89947704, 126.89945603, 126.89943939, 126.89943688, 126.89941764, 126.89941558]]"
은평서부충전소,"[37.6436589651536, 126.921237979427]","[[37.64412977, 37.64413652, 37.64417094, 37.64417175, 37.6443405, 37.64434287, 37.64425278, 37.64425681, 37.64426591, 37.64426793, 37.6442609, 37.64426483, 37.64427204, 37.64427387, 37.64426648, 37.64427096, 37.64427745, 37.64428112, 37.64427571, 37.64428272, 37.64433155, 37.64433192, 37.64437309, 37.64437255, 37.64445003, 37.64444545, 37.64442239, 37.64441966, 37.64438903, 37.64437825, 37.6443987, 37.64439595, 37.64437568, 37.64436725, 37.64439401, 37.64438718, 37.64412977], [37.64390887, 37.64401617, 37.64401607, 37.64405652, 37.64405005, 37.64350498, 37.64349679, 37.64349084, 37.64348058, 37.64348762, 37.64345547, 37.64343672, 37.64326909, 37.64327919, 37.64325255, 37.64325645, 37.64324384, 37.6433014, 37.64333987, 37.64335353, 37.64331885, 37.64333431, 37.64338665, 37.64338376, 37.64344915, 37.6434439, 37.64359894, 37.64357948, 37.64341932, 37.6433698, 37.64353337, 37.64353254, 37.6438904, 37.64389295, 37.64379871, 37.64380207, 37.6438136, 37.64381668, 37.64380632, 37.64381134, 37.64382053, 37.64382344, 37.64381362, 37.64381693, 37.64382414, 37.6438288, 37.64382411, 37.64383248, 37.64387906, 37.64387952, 37.64392754, 37.64392744, 37.6439996, 37.64399885, 37.64399452, 37.64399034, 37.64396853, 37.64396554, 37.64393482, 37.64392386, 37.64394513, 37.64394166, 37.64392318, 37.64390887], [37.64283571, 37.64296635, 37.64296737, 37.64308106, 37.64303831, 37.64303615, 37.64303151, 37.6429754, 37.64298048, 37.64294218, 37.64295517, 37.64295536, 37.64294121, 37.64294112, 37.64289292, 37.642891, 37.6428519, 37.64284969, 37.64284356, 37.64284319, 37.64284995, 37.64284886, 37.64282191, 37.64282136, 37.6427656, 37.6427648, 37.64273669, 37.64274354, 37.64276598, 37.6427699, 37.6427635, 37.6427659, 37.6428359, 37.64283571], [37.64357901, 37.64354241, 37.64354186, 37.64348704, 37.64348697, 37.64345168, 37.64345212, 37.64341517, 37.64338898, 37.64339269, 37.64336582, 37.64337518, 37.6433337, 37.64332359, 37.64329506, 37.64329189, 37.64326389, 37.64326098, 37.64326708, 37.64326448, 37.64325216, 37.64325132, 37.64327915, 37.64327398, 37.64324636, 37.64324601, 37.64325766, 37.64325472, 37.64324925, 37.64324449, 37.6431436, 37.6431476, 37.64315376, 37.64316156, 37.64315589, 37.64316303, 37.64320771, 37.64322295, 37.64319486, 37.64335484, 37.64338639, 37.64341452, 37.64341768, 37.64363126, 37.64362214, 37.64357932, 37.64357901], [37.64328012, 37.64329722, 37.64329671, 37.64328242, 37.64328545, 37.64323989, 37.64324982, 37.64335133, 37.64335003, 37.64337675, 37.64337628, 37.64342514, 37.64342558, 37.64346516, 37.64346706, 37.64358554, 37.64358472, 37.64359221, 37.64358735, 37.64354789, 37.64354532, 37.64351223, 37.64351126, 37.64348869, 37.64346371, 37.64344193, 37.64343906, 37.64346368, 37.64346193, 37.64343254, 37.64343233, 37.64346057, 37.64348832, 37.64350898, 37.64352844, 37.64355165, 37.64353315, 37.64356574, 37.64349195, 37.64343634, 37.64335761, 37.64335652, 37.64328317, 37.6432849, 37.64327732, 37.64328012], [37.64383754, 37.64383863, 37.64405168, 37.64404275, 37.643998, 37.64399767, 37.64396539, 37.64396282, 37.64390677, 37.64390803, 37.64387135, 37.64387162, 37.64385067, 37.6438495, 37.64381636, 37.64381434, 37.64382875, 37.6438277, 37.64382174, 37.64381896, 37.64379999, 37.6437971, 37.64380267, 37.64379621, 37.64380487, 37.64380377, 37.64377666, 37.64377618, 37.64384783, 37.64384414, 37.64383266, 37.64382986, 37.64381908, 37.64381841, 37.64372714, 37.64372614, 37.64371757, 37.64371705, 37.64365255, 37.64365473, 37.64363904, 37.64364775, 37.64366913, 37.64367331, 37.64366626, 37.64367591, 37.64371954, 37.6437258, 37.64370761, 37.64369523, 37.64369265, 37.64369249, 37.64370151, 37.64372392, 37.64373889, 37.64376312, 37.64377311, 37.64378555, 37.64380747, 37.64380709, 37.64383754], [37.64427488, 37.64427464, 37.64441254, 37.6444045, 37.64436124, 37.64435966, 37.64432176, 37.6443231, 37.64431746, 37.64431518, 37.64428363, 37.64428212, 37.64429772, 37.64429453, 37.64428907, 37.64428243, 37.64428876, 37.64428001, 37.64429019, 37.64428697, 37.64426181, 37.64426145, 37.64433195, 37.64432883, 37.64431817, 37.64431594, 37.64430147, 37.6443007, 37.64421188, 37.64421091, 37.64420292, 37.64420251, 37.64413695, 37.64413796, 37.64412315, 37.64413168, 37.64415352, 37.64415887, 37.6441506, 37.64415975, 37.64418476, 37.64419197, 37.64417315, 37.64416277, 37.64415946, 37.64415865, 37.64416237, 37.64417362, 37.64419031, 37.64420357, 37.64421573, 37.64423493, 37.64424277, 37.64425337, 37.64427488]]","[[126.92159422, 126.92171329, 126.92171054, 126.92172153, 126.92170572, 126.92174674, 126.9217576, 126.92186501, 126.92186443, 126.92191009, 126.92191055, 126.92199915, 126.92199858, 126.92203994, 126.92204051, 126.9221392, 126.92213885, 126.92223176, 126.92223222, 126.92235254, 126.92234796, 126.92236121, 126.92235924, 126.92234599, 126.92234036, 126.92222886, 126.92222889, 126.92219954, 126.92220252, 126.92197637, 126.9219751, 126.92190746, 126.92190873, 126.9217032, 126.92170011, 126.92157242, 126.92159422], [126.92174764, 126.92173733, 126.92172838, 126.92172403, 126.9216088, 126.92165141, 126.92166332, 126.92166049, 126.92167319, 126.92168576, 126.92172545, 126.92170145, 126.92190898, 126.92192404, 126.92195659, 126.92199601, 126.92199954, 126.92240228, 126.92239431, 126.92248211, 126.92249257, 126.9225739, 126.92256038, 126.92254418, 126.92252587, 126.92248915, 126.9224499, 126.92231362, 126.92235479, 126.92200802, 126.92179709, 126.9217844, 126.92174789, 126.92179344, 126.92180181, 126.92196485, 126.92196461, 126.92200801, 126.92200904, 126.92209548, 126.92209457, 126.92213853, 126.92214262, 126.92224017, 126.92224062, 126.92233851, 126.92233908, 126.92245147, 126.92244678, 126.92246456, 126.92246022, 126.92244468, 126.92243997, 126.92238751, 126.92238797, 126.9223278, 126.92232918, 126.92230142, 126.92230282, 126.92207644, 126.92207472, 126.92200753, 126.92200823, 126.92174764], [126.9224422, 126.92243776, 126.92247968, 126.92245883, 126.92211012, 126.92211057, 126.92206877, 126.92207857, 126.92212446, 126.92213198, 126.92229182, 126.92230045, 126.92230079, 126.92229661, 126.92229801, 126.92225474, 126.92225738, 126.92219019, 126.92219042, 126.9221792, 126.92217886, 126.92214441, 126.9221458, 126.92213708, 126.92214224, 126.92216796, 126.92217229, 126.92230508, 126.92230517, 126.92237394, 126.92237542, 126.92245406, 126.92245285, 126.9224422], [126.92119633, 126.92119795, 126.92117833, 126.92118197, 126.92120173, 126.92120482, 126.92121295, 126.92121499, 126.92118846, 126.92118266, 126.92115051, 126.92113813, 126.92109233, 126.92110681, 126.92107725, 126.92108209, 126.92104959, 126.92099983, 126.92099685, 126.9209516, 126.92095273, 126.92093791, 126.92093538, 126.92084536, 126.92084602, 126.92082321, 126.92082176, 126.92078432, 126.92078325, 126.92072064, 126.92072977, 126.92083045, 126.92083006, 126.9209698, 126.9209703, 126.92106839, 126.92106544, 126.92109945, 126.92114245, 126.92131768, 126.92127458, 126.92128735, 126.92134218, 126.9213243, 126.92119378, 126.9211999, 126.92119633], [126.92034436, 126.92034313, 126.92039624, 126.92039753, 126.92045085, 126.92045495, 126.92059596, 126.92058466, 126.92055045, 126.92054885, 126.92053632, 126.920531, 126.92053735, 126.920535, 126.92054844, 126.9205343, 126.92052341, 126.92052252, 126.92045817, 126.92046288, 126.92042896, 126.92043291, 126.92042013, 126.92039629, 126.92043367, 126.92043511, 126.92040272, 126.92040089, 126.92036352, 126.92036571, 126.92036122, 126.92032124, 126.92035222, 126.92032297, 126.92034468, 126.92030946, 126.92029017, 126.92024254, 126.92016267, 126.92023959, 126.92024907, 126.92023474, 126.92024395, 126.92028207, 126.92028261, 126.92034436], [126.92129429, 126.92131238, 126.92129228, 126.92116584, 126.92116957, 126.9211619, 126.92116413, 126.92114461, 126.92114984, 126.92117134, 126.92117478, 126.9211829, 126.92118403, 126.92115014, 126.92115195, 126.92112417, 126.9211237, 126.92107256, 126.92107305, 126.92102023, 126.92102181, 126.92096706, 126.9209666, 126.92084387, 126.92084347, 126.92080528, 126.92080767, 126.92079909, 126.92079278, 126.920741, 126.92074229, 126.92070283, 126.92070364, 126.92068976, 126.92069668, 126.92068224, 126.92068318, 126.92067567, 126.92068269, 126.92071431, 126.92071602, 126.9208424, 126.92084078, 126.92089001, 126.92089075, 126.92103679, 126.9210334, 126.9211607, 126.92118368, 126.92120966, 126.92122129, 126.92125186, 126.92128601, 126.92131435, 126.92132112, 126.92132613, 126.92132305, 126.92130556, 126.92130348, 126.92129717, 126.92129429], [126.92125956, 126.92125418, 126.9212446, 126.92111627, 126.92112045, 126.92111451, 126.92111818, 126.92113996, 126.92114051, 126.92110327, 126.92110632, 126.92108169, 126.92108018, 126.92102795, 126.92102847, 126.92091985, 126.92091913, 126.92079755, 126.92079621, 126.92075733, 126.92075962, 126.92075348, 126.92074704, 126.92069311, 126.92069408, 126.9206557, 126.92065702, 126.92064367, 126.92065179, 126.92063508, 126.92063581, 126.92062879, 126.92063478, 126.92066736, 126.9206689, 126.92079792, 126.92079534, 126.92086722, 126.92086819, 126.92099129, 126.92098905, 126.92111654, 126.92114132, 126.92116394, 126.92117877, 126.92119827, 126.92122227, 126.92125071, 126.92127191, 126.92127826, 126.92128049, 126.92128, 126.92127694, 126.92126105, 126.92125956]]"
신내LPG충전소,"[37.6127507837583, 127.100760717061]","[[37.61223159, 37.61218529, 37.6121266, 37.61208617, 37.61209204, 37.61209348, 37.61201929, 37.61201054, 37.61199659, 37.6119724, 37.61198339, 37.61198005, 37.61194006, 37.61193277, 37.61191219, 37.61192174, 37.6119137, 37.61199159, 37.61200106, 37.61204149, 37.61202412, 37.61213052, 37.61214132, 37.6120899, 37.61209209, 37.61211923, 37.6121347, 37.61215669, 37.61216406, 37.61219345, 37.6121912, 37.61223159]]","[[127.10012808, 127.10000785, 127.10004775, 127.10001259, 127.10000025, 127.09999708, 127.09993571, 127.0999536, 127.09994135, 127.09998379, 127.09999365, 127.10000022, 127.10007854, 127.10007117, 127.10010954, 127.1001194, 127.10013649, 127.10019798, 127.10018078, 127.10021277, 127.10072264, 127.10072857, 127.10021528, 127.1001801, 127.10014013, 127.10011808, 127.10016465, 127.10015244, 127.10017363, 127.10015906, 127.10015079, 127.10012808]]"
(주)풍림에너지,"[37.579685683, 127.079232111]","[[37.58072554, 37.58072932, 37.58064949, 37.5806495, 37.5806149, 37.58061354, 37.58045785, 37.58045805, 37.58042137, 37.5804211, 37.58029378, 37.58029406, 37.58025658, 37.58025666, 37.58019026, 37.58018649, 37.58072554], [37.58012099, 37.58015983, 37.58016334, 37.5801783, 37.58017904, 37.58016788, 37.58014923, 37.58013111, 37.58013045, 37.58012451, 37.58012099]]","[[127.07940133, 127.0792742, 127.07927365, 127.07926403, 127.07926071, 127.07927407, 127.07926621, 127.07925432, 127.07925032, 127.07926775, 127.07926558, 127.07924894, 127.07924426, 127.07926645, 127.0792614, 127.07937562, 127.07940133], [127.0793708, 127.07936835, 127.07922683, 127.07922573, 127.07920455, 127.07917623, 127.07917396, 127.07920031, 127.07923291, 127.07923245, 127.0793708]]"
동일석유(주)황금충전소,"[37.594244462, 127.075786773]","[[37.59385931, 37.59403412, 37.59433469, 37.59427035, 37.59410308, 37.59401725, 37.59385681, 37.59371145, 37.59385931], [37.59452441, 37.59444517, 37.59452748, 37.59454036, 37.59455222, 37.59439565, 37.59441828, 37.59462833, 37.59461215, 37.5946231, 37.59463347, 37.59466182, 37.59459693, 37.59458682, 37.5945794, 37.59459788, 37.59457665, 37.59454272, 37.59452441], [37.5942408, 37.594239, 37.5942372, 37.594239, 37.5942408]]","[[127.07500027, 127.07566308, 127.0755369, 127.07526768, 127.07533047, 127.0750002, 127.07438327, 127.07443905, 127.07500027], [127.07562256, 127.07565437, 127.07597827, 127.0759731, 127.07602069, 127.07608354, 127.07617262, 127.0760883, 127.0760246, 127.07602021, 127.07606101, 127.07604964, 127.07579512, 127.07579919, 127.07577003, 127.07576262, 127.07568095, 127.07569457, 127.07562256], [127.07495424, 127.07495197, 127.07495424, 127.0749565, 127.07495424]]"
망우충전소,"[37.6005788748545, 127.101918499648]",[],[]
